Time,Open,High,Low,Close,Volume,Close time,Quote asset volume,Number of trades,Taker buy base asset volume,Taker buy quote asset volume,Ignore,Time_alert
1721718780000,32.547000,32.573000,32.533000,32.573000,273.63,1721718839999,8905.78818000,91,48.37,1574.70468000,0,1721723245000
1721718840000,32.570000,32.570000,32.555000,32.555000,66.71,1721718899999,2171.84370000,27,45.12,1468.93420000,0,1721723245000
1721718900000,32.549000,32.642000,32.536000,32.642000,204.09,1721718959999,6650.33738000,79,161.37,5259.16489000,0,1721723245000
1721718960000,32.633000,32.677000,32.618000,32.674000,145.47,1721719019999,4749.30069000,75,119.52,3902.33571000,0,1721723245000
1721719020000,32.653000,32.685000,32.629000,32.685000,498.64,1721719079999,16281.33766000,273,325.84,10641.14305000,0,1721723245000
1721719080000,32.668000,32.715000,32.638000,32.677000,1837.01,1721719139999,60007.89719000,666,924.49,30205.43231000,0,1721723245000
1721719140000,32.674000,32.745000,32.670000,32.678000,548.33,1721719199999,17930.74150000,120,312.32,10218.84697000,0,1721723245000
1721719200000,32.668000,32.681000,32.634000,32.647000,157.79,1721719259999,5152.48185000,55,92.90,3033.47585000,0,1721723245000
1721719260000,32.649000,32.673000,32.619000,32.620000,292.43,1721719319999,9546.66183000,69,196.35,6411.01786000,0,1721723245000
1721719320000,32.617000,32.673000,32.617000,32.647000,136.21,1721719379999,4448.40331000,44,114.98,3755.12923000,0,1721723245000
1721719380000,32.642000,32.643000,32.560000,32.566000,248.87,1721719439999,8110.55907000,88,42.75,1393.78599000,0,1721723245000
1721719440000,32.573000,32.601000,32.569000,32.590000,167.35,1721719499999,5453.85000000,58,61.61,2007.69134000,0,1721723245000
1721719500000,32.578000,32.588000,32.568000,32.588000,70.17,1721719559999,2286.55252000,14,23.43,763.49491000,0,1721723245000
1721719560000,32.587000,32.587000,32.533000,32.555000,267.43,1721719619999,8705.66232000,68,16.52,537.82885000,0,1721723245000
1721719620000,32.539000,32.539000,32.489000,32.516000,428.94,1721719679999,13945.96549000,96,53.93,1753.39449000,0,1721723245000
1721719680000,32.493000,32.494000,32.444000,32.463000,268.64,1721719739999,8720.47856000,75,66.82,2169.36396000,0,1721723245000
1721719740000,32.459000,32.489000,32.458000,32.477000,139.74,1721719799999,4537.98467000,42,94.90,3081.49844000,0,1721723245000
1721719800000,32.476000,32.499000,32.423000,32.441000,457.95,1721719859999,14862.90114000,109,285.68,9273.65266000,0,1721723245000
1721719860000,32.435000,32.470000,32.435000,32.470000,246.50,1721719919999,8000.03225000,69,201.26,6531.64715000,0,1721723245000
1721719920000,32.463000,32.518000,32.463000,32.504000,433.68,1721719979999,14091.02690000,100,312.09,10140.39664000,0,1721723245000
1721719980000,32.523000,32.636000,32.517000,32.607000,588.59,1721720039999,19181.16888000,156,320.17,10428.95249000,0,1721723245000
1721720040000,32.609000,32.610000,32.516000,32.516000,373.17,1721720099999,12157.72972000,112,83.20,2710.90224000,0,1721723245000
1721720100000,32.517000,32.555000,32.515000,32.555000,186.93,1721720159999,6080.64258000,61,126.76,4123.57307000,0,1721723245000
1721720160000,32.560000,32.619000,32.541000,32.599000,323.23,1721720219999,10537.65682000,61,135.18,4406.56565000,0,1721723245000
1721720220000,32.602000,32.614000,32.574000,32.585000,35.56,1721720279999,1158.73327000,34,19.95,650.07390000,0,1721723245000
1721720280000,32.591000,32.685000,32.591000,32.659000,470.76,1721720339999,15366.64880000,112,267.79,8739.38011000,0,1721723245000
1721720340000,32.669000,32.669000,32.591000,32.597000,226.19,1721720399999,7377.71240000,66,19.34,630.62574000,0,1721723245000
1721720400000,32.602000,32.620000,32.581000,32.581000,234.71,1721720459999,7651.45626000,107,149.01,4858.17253000,0,1721723245000
1721720460000,32.576000,32.585000,32.549000,32.582000,136.24,1721720519999,4437.11049000,70,51.81,1687.82146000,0,1721723245000
1721720520000,32.588000,32.602000,32.569000,32.592000,165.94,1721720579999,5406.71214000,96,112.83,3676.62371000,0,1721723245000
1721720580000,32.594000,32.694000,32.592000,32.689000,604.36,1721720639999,19724.93564000,154,585.46,19107.63405000,0,1721723245000
1721720640000,32.680000,32.702000,32.645000,32.645000,209.42,1721720699999,6844.14905000,85,77.28,2525.65422000,0,1721723245000
1721720700000,32.646000,32.687000,32.621000,32.621000,554.05,1721720759999,18089.52010000,140,203.00,6627.99143000,0,1721723245000
1721720760000,32.619000,32.644000,32.588000,32.644000,134.78,1721720819999,4395.80585000,77,77.84,2539.32903000,0,1721723245000
1721720820000,32.657000,32.660000,32.540000,32.542000,530.14,1721720879999,17267.33810000,141,208.70,6796.50354000,0,1721723245000
1721720880000,32.542000,32.552000,32.524000,32.524000,126.03,1721720939999,4100.97810000,72,22.35,727.36103000,0,1721723245000
1721720940000,32.524000,32.576000,32.500000,32.571000,166.92,1721720999999,5430.20787000,79,62.00,2017.64401000,0,1721723245000
1721721000000,32.579000,32.584000,32.545000,32.571000,269.66,1721721059999,8782.51504000,48,64.76,2109.48759000,0,1721723245000
1721721060000,32.569000,32.571000,32.528000,32.548000,160.39,1721721119999,5221.75087000,43,14.86,483.55502000,0,1721723245000
1721721120000,32.560000,32.562000,32.523000,32.523000,69.61,1721721179999,2264.76190000,33,27.48,894.48911000,0,1721723245000
1721721180000,32.512000,32.610000,32.512000,32.610000,711.16,1721721239999,23174.99682000,66,708.74,23096.17612000,0,1721723245000
1721721240000,32.613000,32.617000,32.600000,32.600000,21.29,1721721299999,694.28501000,20,12.17,396.90448000,0,1721723245000
1721721300000,32.585000,32.606000,32.580000,32.602000,49.79,1721721359999,1622.79949000,23,22.91,746.67121000,0,1721723245000
1721721360000,32.597000,32.600000,32.528000,32.548000,614.32,1721721419999,19999.32724000,115,86.65,2819.64179000,0,1721723245000
1721721420000,32.544000,32.549000,32.528000,32.542000,14.49,1721721479999,471.54641000,16,13.50,439.33783000,0,1721723245000
1721721480000,32.540000,32.564000,32.529000,32.564000,189.55,1721721539999,6169.14333000,41,163.49,5321.35914000,0,1721723245000
1721721540000,32.568000,32.577000,32.556000,32.577000,15.16,1721721599999,493.72749000,11,8.03,261.51782000,0,1721723245000
1721721600000,32.574000,32.574000,32.513000,32.535000,164.75,1721721659999,5358.99277000,54,58.61,1905.84674000,0,1721723245000
1721721660000,32.522000,32.627000,32.519000,32.614000,313.47,1721721719999,10214.83640000,152,262.78,8562.97022000,0,1721723245000
1721721720000,32.609000,32.641000,32.564000,32.633000,340.01,1721721779999,11077.82715000,80,272.53,8877.83690000,0,1721723245000
1721721780000,32.632000,32.728000,32.626000,32.715000,331.22,1721721839999,10827.25066000,135,274.76,8981.73251000,0,1721723245000
1721721840000,32.713000,32.733000,32.658000,32.658000,250.62,1721721899999,8193.13897000,98,36.75,1202.27752000,0,1721723245000
1721721900000,32.661000,32.714000,32.660000,32.688000,171.88,1721721959999,5615.93291000,56,36.22,1183.22028000,0,1721723245000
1721721960000,32.689000,32.702000,32.658000,32.700000,136.30,1721722019999,4454.27414000,78,73.92,2415.67363000,0,1721723245000
1721722020000,32.685000,32.733000,32.685000,32.733000,90.83,1721722079999,2972.02270000,29,59.88,1959.30488000,0,1721723245000
1721722080000,32.735000,32.811000,32.728000,32.799000,634.00,1721722139999,20775.52376000,152,466.63,15290.05584000,0,1721723245000
1721722140000,32.808000,32.816000,32.768000,32.783000,297.32,1721722199999,9745.96304000,47,223.97,7341.00722000,0,1721723245000
1721722200000,32.779000,32.792000,32.724000,32.792000,273.68,1721722259999,8964.23354000,69,75.22,2463.10154000,0,1721723245000
1721722260000,32.794000,32.828000,32.736000,32.736000,356.40,1721722319999,11683.99302000,101,193.05,6329.92178000,0,1721723245000
1721722320000,32.728000,32.738000,32.706000,32.738000,274.52,1721722379999,8982.55936000,46,210.90,6901.27667000,0,1721723245000
1721722380000,32.738000,32.751000,32.732000,32.748000,147.57,1721722439999,4831.17985000,54,79.77,2611.54015000,0,1721723245000
1721722440000,32.749000,32.767000,32.736000,32.767000,143.20,1721722499999,4689.16256000,43,116.20,3805.07573000,0,1721723245000
1721722500000,32.764000,32.792000,32.758000,32.792000,306.69,1721722559999,10051.75383000,70,276.84,9073.26855000,0,1721723245000
1721722560000,32.795000,32.814000,32.779000,32.814000,320.23,1721722619999,10503.48488000,92,170.19,5582.96329000,0,1721723245000
1721722620000,32.806000,32.838000,32.793000,32.812000,242.49,1721722679999,7955.30198000,62,173.15,5680.83038000,0,1721723245000
1721722680000,32.826000,32.870000,32.821000,32.869000,226.72,1721722739999,7446.99228000,77,182.76,6003.26407000,0,1721723245000
1721722740000,32.851000,32.881000,32.843000,32.878000,171.79,1721722799999,5646.55949000,52,141.81,4661.52793000,0,1721723245000
1721722800000,32.878000,32.942000,32.862000,32.924000,533.52,1721722859999,17547.16132000,184,331.59,10908.58129000,0,1721723245000
1721722860000,32.921000,32.921000,32.888000,32.899000,331.03,1721722919999,10892.60298000,53,133.02,4377.12456000,0,1721723245000
1721722920000,32.892000,32.892000,32.866000,32.886000,209.90,1721722979999,6900.59728000,50,90.76,2983.97562000,0,1721723245000
1721722980000,32.882000,32.914000,32.877000,32.900000,408.99,1721723039999,13450.51931000,74,174.74,5747.32604000,0,1721723245000
1721723040000,32.899000,32.992000,32.890000,32.979000,1177.00,1721723099999,38791.57754000,322,798.92,26336.01543000,0,1721723245000
1721723100000,32.977000,33.003000,32.891000,32.954000,810.38,1721723159999,26690.31984000,197,235.14,7750.53347000,0,1721723245000
1721723160000,32.957000,33.104000,32.957000,33.104000,1593.97,1721723219999,52647.32107000,363,1438.10,47500.73893000,0,1721723245000
1721723220000,33.104000,33.377000,33.097000,33.377000,3137.67,1721723279999,104397.32381000,672,1858.06,61823.37720000,0,1721723245000
1721723280000,33.369000,33.450000,33.331000,33.388000,2486.42,1721723339999,82995.99532000,639,1330.39,44420.22362000,0,1721723245000
1721723340000,33.381000,33.506000,33.374000,33.405000,3200.22,1721723399999,107054.30061000,497,1011.74,33840.13550000,0,1721723245000
1721723400000,33.408000,33.688000,33.408000,33.667000,3629.93,1721723459999,121945.38612000,643,2747.80,92292.69456000,0,1721723245000
1721723460000,33.668000,33.979000,33.642000,33.955000,4534.23,1721723519999,153556.41377000,996,3088.20,104582.28875000,0,1721723245000
1721723520000,33.962000,34.024000,33.923000,33.942000,6014.22,1721723579999,204327.58566000,1073,2752.05,93532.71649000,0,1721723245000
1721723580000,33.938000,34.123000,33.920000,34.042000,2235.11,1721723639999,76012.99777000,791,916.96,31197.66889000,0,1721723245000
1721723640000,34.046000,34.116000,34.001000,34.040000,1789.53,1721723699999,60943.30494000,433,611.59,20832.35352000,0,1721723245000
1721723700000,34.036000,34.067000,33.892000,34.010000,3966.31,1721723759999,134744.35802000,660,1701.65,57811.62319000,0,1721723245000
1721723760000,34.011000,34.033000,33.892000,33.934000,1696.95,1721723819999,57609.72729000,326,550.02,18676.69017000,0,1721723245000
1721723820000,33.929000,34.008000,33.865000,33.947000,2195.11,1721723879999,74527.84217000,444,1107.56,37593.92752000,0,1721723245000
1721723880000,33.949000,34.067000,33.923000,34.061000,1499.55,1721723939999,50986.60704000,279,1023.58,34797.41814000,0,1721723245000
1721723940000,34.023000,34.103000,33.997000,34.073000,1891.19,1721723999999,64396.65721000,501,940.17,32017.11830000,0,1721723245000
1721724000000,34.049000,34.070000,33.958000,33.982000,1325.77,1721724059999,45088.45183000,268,509.28,17327.88111000,0,1721723245000
1721724060000,33.975000,34.132000,33.969000,34.093000,3592.67,1721724119999,122446.19500000,547,1216.47,41466.24940000,0,1721723245000
1721724120000,34.062000,34.092000,33.944000,33.945000,2921.21,1721724179999,99430.12956000,425,1662.61,56589.76595000,0,1721723245000
1721724180000,33.945000,34.028000,33.945000,33.993000,1845.63,1721724239999,62725.48557000,328,1228.29,41748.02136000,0,1721723245000
1721724240000,34.006000,34.184000,34.006000,34.147000,2641.46,1721724299999,90183.78732000,406,1051.54,35872.24554000,0,1721723245000
1721724300000,34.147000,34.261000,34.057000,34.098000,1918.30,1721724359999,65513.17996000,531,984.99,33650.76731000,0,1721723245000
1721724360000,34.085000,34.143000,34.031000,34.125000,959.64,1721724419999,32721.78248000,273,596.34,20339.94338000,0,1721723245000
1721724420000,34.130000,34.339000,34.089000,34.306000,4511.03,1721724479999,154445.94624000,693,2644.06,90495.07707000,0,1721723245000
1721724480000,34.307000,34.458000,34.307000,34.458000,4304.62,1721724539999,147964.55678000,834,2491.23,85665.60556000,0,1721723245000
1721724540000,34.428000,34.452000,34.361000,34.424000,891.95,1721724599999,30687.78330000,236,697.39,23996.73371000,0,1721723245000
1721724600000,34.424000,34.576000,34.395000,34.567000,2005.25,1721724659999,69154.93612000,634,1443.59,49785.59141000,0,1721723245000
1721724660000,34.558000,34.870000,34.506000,34.744000,10373.47,1721724719999,360028.31542000,2092,5771.07,200306.19100000,0,1721723245000
1721724720000,34.739000,34.744000,34.527000,34.596000,2136.91,1721724779999,74003.43635000,482,1020.96,35347.76373000,0,1721723245000
1721724780000,34.602000,34.634000,34.534000,34.573000,1849.37,1721724839999,63966.48092000,417,1204.85,41678.72578000,0,1721723245000
1721724840000,34.574000,34.577000,34.316000,34.354000,3222.84,1721724899999,110884.55818000,730,600.54,20680.63865000,0,1721723245000
1721724900000,34.352000,34.456000,34.273000,34.399000,4316.01,1721724959999,148401.71643000,827,1196.66,41142.41866000,0,1721723245000
1721724960000,34.402000,34.420000,34.310000,34.403000,1881.91,1721725019999,64707.57942000,329,926.30,31859.45941000,0,1721723245000
1721725020000,34.379000,34.410000,34.222000,34.264000,2233.21,1721725079999,76680.42854000,550,407.19,13994.04741000,0,1721723245000
1721725080000,34.273000,34.316000,34.216000,34.295000,1363.68,1721725139999,46758.92507000,278,352.90,12102.18546000,0,1721723245000
1721725140000,34.305000,34.348000,34.273000,34.348000,909.24,1721725199999,31207.59588000,238,586.37,20123.92924000,0,1721723245000
1721725200000,34.353000,34.417000,34.259000,34.394000,2819.05,1721725259999,96842.75726000,682,2195.38,75418.49184000,0,1721723245000
1721725260000,34.397000,34.423000,34.300000,34.300000,1321.45,1721725319999,45387.51299000,375,661.22,22711.84223000,0,1721723245000
1721725320000,34.300000,34.415000,34.294000,34.406000,1649.42,1721725379999,56695.05913000,369,930.92,31995.15670000,0,1721723245000
1721725380000,34.410000,34.597000,34.389000,34.576000,5865.73,1721725439999,202360.95428000,1223,3218.17,111015.75306000,0,1721723245000
1721725440000,34.569000,34.574000,34.388000,34.402000,1218.25,1721725499999,41991.91396000,353,358.11,12346.86773000,0,1721723245000
1721725500000,34.397000,34.397000,34.291000,34.341000,767.48,1721725559999,26355.43240000,248,351.73,12080.21343000,0,1721723245000
1721725560000,34.344000,34.377000,34.276000,34.301000,542.55,1721725619999,18618.81203000,173,169.58,5822.06626000,0,1721723245000
1721725620000,34.323000,34.329000,34.236000,34.237000,1016.75,1721725679999,34852.14741000,267,194.88,6683.78315000,0,1721723245000
1721725680000,34.237000,34.237000,34.081000,34.148000,2925.58,1721725739999,99902.21624000,479,850.16,29031.61561000,0,1721723245000
1721725740000,34.144000,34.251000,34.126000,34.222000,1789.21,1721725799999,61183.03220000,330,1517.36,51895.05858000,0,1721723245000
1721725800000,34.227000,34.328000,34.157000,34.157000,1169.00,1721725859999,40020.25434000,304,559.09,19146.92298000,0,1721723245000
1721725860000,34.201000,34.292000,34.201000,34.248000,627.19,1721725919999,21483.83253000,220,374.79,12838.44237000,0,1721723245000
1721725920000,34.236000,34.273000,34.177000,34.191000,396.32,1721725979999,13567.11875000,138,108.68,3720.86855000,0,1721723245000
1721725980000,34.200000,34.216000,33.858000,33.879000,3894.96,1721726039999,132323.13117000,627,336.41,11431.90309000,0,1721723245000
1721726040000,33.879000,34.056000,33.869000,34.019000,3419.55,1721726099999,116188.22643000,528,1394.78,47386.13398000,0,1721723245000
1721726100000,34.022000,34.129000,33.912000,34.118000,1311.53,1721726159999,44586.46870000,305,379.20,12905.28852000,0,1721723245000
1721726160000,34.125000,34.263000,34.125000,34.223000,1890.38,1721726219999,64642.26870000,396,1231.56,42095.89504000,0,1721723245000
1721726220000,34.216000,34.420000,34.192000,34.401000,3785.33,1721726279999,130068.68721000,636,2802.99,96313.10319000,0,1721723245000
1721726280000,34.404000,34.474000,34.323000,34.371000,2956.12,1721726339999,101716.66946000,516,1448.90,49840.12690000,0,1721723245000
1721726340000,34.365000,34.425000,34.287000,34.380000,1140.40,1721726399999,39174.21226000,273,523.17,17988.53528000,0,1721723245000
1721726400000,34.364000,34.418000,34.345000,34.393000,376.16,1721726459999,12933.22737000,128,299.73,10305.24926000,0,1721723245000
1721726460000,34.396000,34.524000,34.396000,34.424000,856.43,1721726519999,29509.58276000,214,443.96,15298.12681000,0,1721723245000
1721726520000,34.430000,34.465000,34.370000,34.458000,1319.31,1721726579999,45397.02504000,237,826.42,28444.65468000,0,1721723245000
1721726580000,34.465000,34.533000,34.439000,34.486000,935.10,1721726639999,32251.57045000,237,710.81,24518.63329000,0,1721723245000
1721726640000,34.489000,34.538000,34.481000,34.530000,628.46,1721726699999,21690.85703000,158,292.33,10091.78086000,0,1721723245000
1721726700000,34.530000,34.544000,34.436000,34.476000,1242.27,1721726759999,42827.72657000,240,355.60,12265.73762000,0,1721723245000
1721726760000,34.484000,34.531000,34.417000,34.531000,925.91,1721726819999,31904.86040000,205,418.22,14414.96452000,0,1721723245000
1721726820000,34.530000,34.568000,34.467000,34.554000,683.24,1721726879999,23583.37395000,174,500.40,17274.82554000,0,1721723245000
1721726880000,34.554000,34.599000,34.526000,34.589000,926.59,1721726939999,32028.06838000,209,551.19,19054.75002000,0,1721723245000
1721726940000,34.599000,34.625000,34.518000,34.552000,903.81,1721726999999,31241.48526000,216,398.99,13793.81441000,0,1721723245000
1721727000000,34.545000,34.665000,34.545000,34.647000,1610.56,1721727059999,55761.86722000,374,1077.40,37301.69452000,0,1721723245000
1721727060000,34.628000,34.650000,34.604000,34.628000,989.85,1721727119999,34272.76904000,189,494.95,17138.11712000,0,1721723245000
1721727120000,34.634000,34.809000,34.634000,34.804000,2440.78,1721727179999,84726.70665000,430,1282.46,44529.04564000,0,1721723245000
1721727180000,34.791000,34.862000,34.731000,34.826000,5309.77,1721727239999,184757.65642000,823,2943.77,102457.07058000,0,1721723245000
1721727240000,34.823000,34.839000,34.746000,34.785000,2198.27,1721727299999,76507.26260000,365,1361.22,47372.16704000,0,1721723245000
1721727300000,34.804000,34.816000,34.712000,34.794000,1474.36,1721727359999,51252.91714000,327,862.55,29983.59752000,0,1721723245000
1721727360000,34.796000,34.835000,34.765000,34.812000,604.17,1721727419999,21022.89653000,157,433.84,15095.64961000,0,1721723245000
1721727420000,34.818000,34.841000,34.721000,34.757000,1163.81,1721727479999,40485.10209000,219,450.03,15663.13815000,0,1721723245000
1721727480000,34.758000,34.758000,34.674000,34.718000,1274.51,1721727539999,44229.25697000,321,399.45,13865.93629000,0,1721723245000
1721727540000,34.727000,34.751000,34.609000,34.666000,2118.93,1721727599999,73467.20937000,494,540.30,18732.63951000,0,1721723245000
1721727600000,34.670000,34.804000,34.670000,34.787000,536.52,1721727659999,18646.62420000,174,411.96,14315.03682000,0,1721723245000
1721727660000,34.768000,34.778000,34.607000,34.607000,942.81,1721727719999,32691.38628000,262,200.51,6952.29948000,0,1721723245000
1721727720000,34.631000,34.672000,34.536000,34.589000,1217.80,1721727779999,42141.02385000,292,244.61,8465.58337000,0,1721723245000
1721727780000,34.586000,34.604000,34.549000,34.599000,543.90,1721727839999,18811.68174000,98,182.71,6318.99105000,0,1721723245000
1721727840000,34.606000,34.654000,34.580000,34.622000,784.94,1721727899999,27178.04188000,204,581.39,20132.24462000,0,1721723245000
1721727900000,34.632000,34.686000,34.603000,34.621000,419.84,1721727959999,14544.91157000,116,183.74,6362.75754000,0,1721723245000
1721727960000,34.621000,34.638000,34.549000,34.549000,572.52,1721728019999,19806.88554000,138,279.48,9673.72918000,0,1721723245000
1721728020000,34.550000,34.600000,34.466000,34.600000,2512.32,1721728079999,86828.36257000,478,930.19,32149.99959000,0,1721723245000
1721728080000,34.598000,34.705000,34.586000,34.700000,2308.83,1721728139999,79977.39163000,466,931.28,32261.44963000,0,1721723245000
1721728140000,34.700000,34.729000,34.593000,34.642000,1681.19,1721728199999,58324.80109000,276,682.42,23656.49411000,0,1721723245000
1721728200000,34.644000,34.711000,34.629000,34.686000,657.50,1721728259999,22791.32998000,269,464.04,16086.18013000,0,1721723245000
1721728260000,34.687000,34.710000,34.597000,34.599000,418.22,1721728319999,14487.66543000,200,216.80,7511.67491000,0,1721723245000
1721728320000,34.610000,34.614000,34.554000,34.575000,614.37,1721728379999,21246.76490000,234,212.08,7335.07071000,0,1721723245000
1721728380000,34.582000,34.631000,34.544000,34.615000,475.33,1721728439999,16445.21601000,160,264.37,9148.09774000,0,1721723245000
1721728440000,34.607000,34.616000,34.554000,34.616000,474.70,1721728499999,16418.22472000,140,214.20,7409.13157000,0,1721723245000
1721728500000,34.617000,34.652000,34.522000,34.533000,1662.36,1721728559999,57548.12834000,293,532.10,18423.98133000,0,1721723245000
1721728560000,34.539000,34.578000,34.517000,34.555000,332.77,1721728619999,11499.54259000,106,130.54,4510.65914000,0,1721723245000
1721728620000,34.552000,34.596000,34.501000,34.554000,731.99,1721728679999,25290.57354000,205,195.43,6755.46387000,0,1721723245000
1721728680000,34.575000,34.591000,34.505000,34.518000,688.51,1721728739999,23784.40683000,146,237.88,8217.41836000,0,1721723245000
1721728740000,34.527000,34.557000,34.460000,34.513000,1148.20,1721728799999,39628.12520000,351,347.39,11997.42832000,0,1721723245000
1721728800000,34.519000,34.564000,34.490000,34.524000,791.93,1721728859999,27343.16769000,278,494.31,17068.65536000,0,1721723245000
1721728860000,34.520000,34.534000,34.450000,34.488000,539.00,1721728919999,18584.94040000,208,69.06,2381.73110000,0,1721723245000
1721728920000,34.493000,34.555000,34.477000,34.524000,356.84,1721728979999,12318.23472000,143,190.01,6557.73738000,0,1721723245000
1721728980000,34.524000,34.542000,34.417000,34.443000,781.22,1721729039999,26920.79124000,261,280.60,9669.78685000,0,1721723245000
1721729040000,34.448000,34.452000,34.257000,34.320000,2445.60,1721729099999,83969.78846000,479,578.15,19856.57131000,0,1721723245000
1721729100000,34.321000,34.402000,34.284000,34.368000,2356.24,1721729159999,80951.39691000,400,928.38,31892.36464000,0,1721723245000
1721729160000,34.380000,34.448000,34.308000,34.394000,1486.00,1721729219999,51110.04640000,345,894.46,30762.77901000,0,1721723245000
1721729220000,34.388000,34.476000,34.344000,34.425000,750.77,1721729279999,25830.65263000,234,254.87,8771.78266000,0,1721723245000
1721729280000,34.425000,34.528000,34.383000,34.504000,1043.46,1721729339999,35943.02622000,268,820.79,28275.66009000,0,1721723245000
1721729340000,34.500000,34.600000,34.500000,34.600000,1047.23,1721729399999,36197.49814000,206,475.85,16449.05448000,0,1721723245000
1721729400000,34.607000,34.669000,34.547000,34.654000,840.84,1721729459999,29107.78300000,217,612.09,21191.35968000,0,1721723245000
1721729460000,34.654000,34.654000,34.562000,34.584000,310.05,1721729519999,10724.77227000,92,210.09,7265.67632000,0,1721723245000
1721729520000,34.565000,34.565000,34.465000,34.483000,415.07,1721729579999,14325.66571000,178,193.01,6661.47582000,0,1721723245000
1721729580000,34.487000,34.521000,34.470000,34.521000,306.76,1721729639999,10581.26610000,109,214.79,7408.91290000,0,1721723245000
1721729640000,34.527000,34.527000,34.450000,34.463000,189.06,1721729699999,6517.18237000,97,73.81,2544.29929000,0,1721723245000
1721729700000,34.463000,34.529000,34.435000,34.452000,758.89,1721729759999,26153.74601000,210,135.23,4664.15733000,0,1721723245000
1721729760000,34.449000,34.453000,34.348000,34.418000,1203.82,1721729819999,41398.20935000,248,259.54,8933.59474000,0,1721723245000
1721729820000,34.421000,34.512000,34.421000,34.435000,1986.91,1721729879999,68523.27001000,350,766.50,26427.95609000,0,1721723245000
1721729880000,34.439000,34.445000,34.375000,34.379000,905.79,1721729939999,31157.52608000,187,289.25,9950.25647000,0,1721723245000
1721729940000,34.391000,34.646000,34.373000,34.643000,610.70,1721729999999,21072.65639000,267,490.29,16916.73875000,0,1721723245000
1721730000000,34.639000,34.723000,34.525000,34.591000,1610.84,1721730059999,55810.01364000,453,1005.20,34830.87892000,0,1721723245000
1721730060000,34.587000,34.617000,34.567000,34.600000,723.44,1721730119999,25026.00787000,189,370.16,12804.98376000,0,1721723245000
1721730120000,34.597000,34.612000,34.478000,34.478000,1262.40,1721730179999,43590.45218000,208,736.05,25410.43966000,0,1721723245000
1721730180000,34.485000,34.638000,34.485000,34.632000,593.21,1721730239999,20502.98332000,185,316.84,10946.01439000,0,1721723245000
1721730240000,34.639000,34.641000,34.519000,34.524000,607.09,1721730299999,20986.51240000,174,240.89,8319.66904000,0,1721723245000
1721730300000,34.539000,34.627000,34.524000,34.611000,328.89,1721730359999,11366.91428000,140,201.86,6975.76380000,0,1721723245000
1721730360000,34.611000,34.627000,34.540000,34.557000,946.07,1721730419999,32704.65706000,169,317.12,10967.27330000,0,1721723245000
1721730420000,34.558000,34.640000,34.558000,34.633000,588.09,1721730479999,20348.48942000,153,347.79,12033.96464000,0,1721723245000
1721730480000,34.636000,34.694000,34.629000,34.635000,569.54,1721730539999,19751.89021000,99,331.89,11509.13272000,0,1721723245000
1721730540000,34.639000,34.666000,34.609000,34.612000,615.73,1721730599999,21320.18294000,121,460.91,15960.08408000,0,1721723245000
1721730600000,34.609000,34.680000,34.605000,34.652000,776.66,1721730659999,26914.02573000,179,563.14,19515.26901000,0,1721723245000
1721730660000,34.650000,34.685000,34.599000,34.653000,711.35,1721730719999,24627.07236000,180,340.26,11778.41583000,0,1721723245000
1721730720000,34.652000,34.663000,34.474000,34.531000,1009.72,1721730779999,34908.20675000,294,227.02,7846.38967000,0,1721723245000
1721730780000,34.537000,34.547000,34.475000,34.491000,541.14,1721730839999,18671.45017000,147,123.64,4267.56095000,0,1721723245000
1721730840000,34.497000,34.585000,34.452000,34.544000,888.32,1721730899999,30636.60033000,235,204.01,7038.33122000,0,1721723245000
1721730900000,34.535000,34.540000,34.450000,34.456000,285.09,1721730959999,9829.15434000,131,102.30,3526.97052000,0,1721723245000
1721730960000,34.461000,34.516000,34.436000,34.462000,356.41,1721731019999,12282.89410000,125,158.53,5464.94259000,0,1721723245000
1721731020000,34.464000,34.553000,34.446000,34.548000,851.26,1721731079999,29372.88279000,221,799.40,27585.04030000,0,1721723245000
1721731080000,34.539000,34.550000,34.487000,34.508000,246.42,1721731139999,8505.07335000,111,112.61,3885.98359000,0,1721723245000
1721731140000,34.506000,34.627000,34.506000,34.579000,588.74,1721731199999,20361.31399000,161,396.74,13720.86228000,0,1721723245000
1721731200000,34.589000,34.608000,34.554000,34.554000,156.23,1721731259999,5402.84300000,65,98.73,3414.37933000,0,1721723245000
1721731260000,34.537000,34.541000,34.453000,34.486000,869.71,1721731319999,29991.73972000,200,93.24,3218.58372000,0,1721723245000
1721731320000,34.492000,34.563000,34.492000,34.499000,247.90,1721731379999,8558.07680000,140,155.43,5364.83767000,0,1721723245000
1721731380000,34.491000,34.515000,34.469000,34.473000,319.61,1721731439999,11023.34613000,153,150.86,5203.16067000,0,1721723245000
1721731440000,34.468000,34.512000,34.454000,34.487000,126.43,1721731499999,4359.30974000,71,65.70,2266.18401000,0,1721723245000
1721731500000,34.487000,34.522000,34.466000,34.476000,234.51,1721731559999,8089.36930000,124,157.77,5441.92522000,0,1721723245000
1721731560000,34.476000,34.476000,34.291000,34.324000,1971.83,1721731619999,67802.09487000,410,258.08,8871.79031000,0,1721723245000
1721731620000,34.313000,34.400000,34.299000,34.321000,780.57,1721731679999,26815.51993000,219,383.63,13183.53456000,0,1721723245000
1721731680000,34.324000,34.382000,34.321000,34.359000,449.25,1721731739999,15437.49608000,125,295.79,10164.65300000,0,1721723245000
1721731740000,34.363000,34.435000,34.329000,34.426000,593.06,1721731799999,20389.03075000,161,422.73,14538.23486000,0,1721723245000
1721731800000,34.425000,34.504000,34.420000,34.493000,626.11,1721731859999,21581.18659000,188,326.43,11252.70685000,0,1721723245000
1721731860000,34.510000,34.557000,34.451000,34.540000,457.92,1721731919999,15802.34948000,140,156.37,5398.98416000,0,1721723245000
1721731920000,34.548000,34.568000,34.528000,34.534000,312.10,1721731979999,10781.53420000,124,82.61,2854.09543000,0,1721723245000
1721731980000,34.541000,34.549000,34.475000,34.475000,688.34,1721732039999,23751.11737000,218,221.70,7652.30998000,0,1721723245000
1721732040000,34.499000,34.529000,34.463000,34.504000,628.62,1721732099999,21686.64642000,170,238.44,8230.15859000,0,1721723245000
1721732100000,34.505000,34.550000,34.478000,34.478000,283.65,1721732159999,9789.21581000,110,115.74,3996.13941000,0,1721723245000
1721732160000,34.478000,34.495000,34.446000,34.466000,151.70,1721732219999,5228.41992000,72,14.07,485.20964000,0,1721723245000
1721732220000,34.481000,34.519000,34.452000,34.500000,1244.06,1721732279999,42913.76174000,250,703.61,24275.19338000,0,1721723245000
1721732280000,34.508000,34.512000,34.465000,34.492000,253.64,1721732339999,8746.63048000,112,38.95,1343.64995000,0,1721723245000
1721732340000,34.493000,34.505000,34.413000,34.413000,650.67,1721732399999,22419.50877000,193,115.38,3976.95513000,0,1721723245000
1721732400000,34.404000,34.434000,34.381000,34.394000,1175.81,1721732459999,40465.04446000,206,858.54,29548.11824000,0,1721723245000
1721732460000,34.389000,34.389000,34.201000,34.255000,2787.91,1721732519999,95547.28862000,461,551.97,18937.52526000,0,1721723245000
1721732520000,34.254000,34.260000,34.027000,34.073000,3211.68,1721732579999,109671.30765000,694,1276.38,43617.82469000,0,1721723245000
1721732580000,34.073000,34.248000,34.056000,34.194000,2469.10,1721732639999,84349.66649000,624,1157.24,39518.99708000,0,1721723245000
1721732640000,34.202000,34.231000,34.122000,34.213000,1002.40,1721732699999,34257.67724000,241,437.89,14964.55988000,0,1721723245000
1721732700000,34.219000,34.309000,34.180000,34.266000,1440.37,1721732759999,49327.55601000,319,583.96,20004.33609000,0,1721723245000
1721732760000,34.260000,34.260000,34.139000,34.210000,1110.53,1721732819999,37972.01794000,285,363.57,12433.57230000,0,1721723245000
1721732820000,34.210000,34.249000,34.178000,34.249000,698.81,1721732879999,23906.04687000,198,347.49,11891.79188000,0,1721723245000
1721732880000,34.261000,34.403000,34.261000,34.309000,920.22,1721732939999,31617.37815000,330,561.19,19285.21021000,0,1721723245000
1721732940000,34.306000,34.380000,34.241000,34.380000,445.77,1721732999999,15290.08152000,151,216.65,7437.57640000,0,1721723245000
1721733000000,34.379000,34.498000,34.369000,34.498000,1067.29,1721733059999,36761.70968000,268,799.40,27529.39118000,0,1721723245000
1721733060000,34.499000,34.500000,34.425000,34.467000,429.54,1721733119999,14807.73529000,129,149.59,5156.84835000,0,1721723245000
1721733120000,34.463000,34.479000,34.430000,34.466000,543.77,1721733179999,18740.44058000,159,395.57,13633.18913000,0,1721723245000
1721733180000,34.483000,34.501000,34.413000,34.435000,580.80,1721733239999,20015.45633000,167,164.93,5683.34288000,0,1721723245000
1721733240000,34.432000,34.435000,34.337000,34.400000,442.04,1721733299999,15195.38517000,126,104.81,3604.79824000,0,1721723245000
1721733300000,34.423000,34.479000,34.354000,34.417000,719.66,1721733359999,24774.93613000,197,342.82,11802.54044000,0,1721723245000
1721733360000,34.419000,34.545000,34.419000,34.516000,728.66,1721733419999,25134.83516000,161,509.43,17570.80905000,0,1721723245000
1721733420000,34.516000,34.607000,34.516000,34.607000,1046.18,1721733479999,36176.09391000,250,621.23,21482.77011000,0,1721723245000
1721733480000,34.597000,34.683000,34.534000,34.670000,1124.53,1721733539999,38919.09106000,357,657.25,22743.85311000,0,1721723245000
1721733540000,34.673000,34.689000,34.585000,34.616000,1351.20,1721733599999,46803.55849000,267,343.64,11903.71008000,0,1721723245000
1721733600000,34.620000,34.620000,34.496000,34.496000,1546.92,1721733659999,53459.37171000,349,462.79,16000.92741000,0,1721723245000
1721733660000,34.500000,34.610000,34.492000,34.517000,609.89,1721733719999,21081.05427000,234,410.68,14198.10815000,0,1721723245000
1721733720000,34.525000,34.541000,34.464000,34.487000,565.76,1721733779999,19520.31091000,249,328.42,11333.56628000,0,1721723245000
1721733780000,34.485000,34.580000,34.485000,34.505000,1103.66,1721733839999,38110.03974000,255,710.99,24548.18527000,0,1721723245000
1721733840000,34.503000,34.675000,34.487000,34.559000,1603.84,1721733899999,55512.50780000,385,637.67,22061.28655000,0,1721723245000
1721733900000,34.562000,34.658000,34.560000,34.588000,988.47,1721733959999,34202.63176000,290,568.68,19677.16639000,0,1721723245000
1721733960000,34.600000,34.619000,34.546000,34.566000,971.33,1721734019999,33589.43005000,298,237.61,8219.05642000,0,1721723245000
1721734020000,34.569000,34.700000,34.565000,34.626000,914.54,1721734079999,31686.34781000,195,455.85,15792.75951000,0,1721723245000
